Economy,ISO Alpha-3 Country Code,ADB Country Code,Sector,2018 nominal gdp,Scenario,as % of total GDP,in $ Mn,Employment (in 000),as % of sector GDP,as % of sector employment
People's Republic of China,CHN,PRC,"Agriculture, Mining and Quarrying",13608151.86,best case,-0.05,7438.37,1203.76,-0.4,-0.47
People's Republic of China,CHN,PRC,"Business, Trade, Personal, and Public Services",13608151.86,best case,-0.12,16153,604.02,-0.29,-0.29
People's Republic of China,CHN,PRC,Hotel and restaurants and Other Personal Services,13608151.86,best case,-0.04,5974.23,1997.99,-0.87,-0.96
People's Republic of China,CHN,PRC,"Light/Heavy Manufacturing, Utilities, and Construction",13608151.86,best case,-0.07,9115.48,367.5,-0.19,-0.13
People's Republic of China,CHN,PRC,Transport services,13608151.86,best case,-0.04,5208.49,317.64,-0.87,-0.79
People's Republic of China,CHN,PRC,_All,13608151.86,best case,-0.32,43889.58,4490.9,-0.32,-0.45
Indonesia,IDN,INO,"Agriculture, Mining and Quarrying",1042173.3,best case,-0.03,312.24,60.74,-0.14,-0.16
Indonesia,IDN,INO,"Business, Trade, Personal, and Public Services",1042173.3,best case,-0.02,226.79,25.84,-0.06,-0.06
Indonesia,IDN,INO,Hotel and restaurants and Other Personal Services,1042173.3,best case,-0.07,756.36,218.6,-1.41,-1.34
Indonesia,IDN,INO,"Light/Heavy Manufacturing, Utilities, and Construction",1042173.3,best case,-0.02,224.35,9.47,-0.06,-0.04
Indonesia,IDN,INO,Transport services,1042173.3,best case,-0.02,204.16,11.82,-0.34,-0.21
Indonesia,IDN,INO,_All,1042173.3,best case,-0.17,1723.9,326.47,-0.17,-0.26
India,IND,IND,"Agriculture, Mining and Quarrying",2718732.23,best case,0,52.64,14.38,-0.01,-0.01
India,IND,IND,"Business, Trade, Personal, and Public Services",2718732.23,best case,0,127.01,10.32,-0.01,-0.01
India,IND,IND,Hotel and restaurants and Other Personal Services,2718732.23,best case,0,108.84,24.6,-0.1,-0.09
India,IND,IND,"Light/Heavy Manufacturing, Utilities, and Construction",2718732.23,best case,0,59.86,7.51,-0.01,-0.01
India,IND,IND,Transport services,2718732.23,best case,0,38.58,3.12,-0.03,-0.01
India,IND,IND,_All,2718732.23,best case,-0.01,386.92,59.93,-0.01,-0.01
Republic of Korea,KOR,KOR,"Agriculture, Mining and Quarrying",1619423.7,best case,0,19.44,0.65,-0.05,-0.04
Republic of Korea,KOR,KOR,"Business, Trade, Personal, and Public Services",1619423.7,best case,-0.02,268,5.65,-0.03,-0.04
Republic of Korea,KOR,KOR,Hotel and restaurants and Other Personal Services,1619423.7,best case,-0.02,362.6,14.07,-0.29,-0.26
Republic of Korea,KOR,KOR,"Light/Heavy Manufacturing, Utilities, and Construction",1619423.7,best case,-0.02,368.28,3.7,-0.06,-0.05
Republic of Korea,KOR,KOR,Transport services,1619423.7,best case,-0.02,328.91,12.86,-0.6,-0.96
Republic of Korea,KOR,KOR,_All,1619423.7,best case,-0.08,1347.23,36.93,-0.08,-0.12
"Taipei,China",TWN,TAP,"Agriculture, Mining and Quarrying",608186,best case,0,9.32,0.47,-0.09,-0.08
"Taipei,China",TWN,TAP,"Business, Trade, Personal, and Public Services",608186,best case,-0.05,296.58,4.84,-0.09,-0.09
"Taipei,China",TWN,TAP,Hotel and restaurants and Other Personal Services,608186,best case,-0.13,797.48,28.35,-1.94,-1.55
"Taipei,China",TWN,TAP,"Light/Heavy Manufacturing, Utilities, and Construction",608186,best case,-0.06,342.57,5.02,-0.16,-0.11
"Taipei,China",TWN,TAP,Transport services,608186,best case,-0.07,405.42,10.75,-2.38,-2.2
"Taipei,China",TWN,TAP,_All,608186,best case,-0.3,1851.36,49.44,-0.3,-0.39
Bangladesh,BGD,BAN,"Agriculture, Mining and Quarrying",274024.96,best case,0,0.83,0.57,0,0
Bangladesh,BGD,BAN,"Business, Trade, Personal, and Public Services",274024.96,best case,0,2.25,0.33,0,0
Bangladesh,BGD,BAN,Hotel and restaurants and Other Personal Services,274024.96,best case,0,2.93,0.39,-0.01,-0.01
Bangladesh,BGD,BAN,"Light/Heavy Manufacturing, Utilities, and Construction",274024.96,best case,0,2.03,0.52,0,0
Bangladesh,BGD,BAN,Transport services,274024.96,best case,0,0.33,0.06,0,0
Bangladesh,BGD,BAN,_All,274024.96,best case,0,8.37,1.87,0,0
Malaysia,MYS,MAL,"Agriculture, Mining and Quarrying",358581.94,best case,-0.02,88.77,1.26,-0.15,-0.07
Malaysia,MYS,MAL,"Business, Trade, Personal, and Public Services",358581.94,best case,-0.04,161.08,11.29,-0.1,-0.11
Malaysia,MYS,MAL,Hotel and restaurants and Other Personal Services,358581.94,best case,-0.05,172.45,11.47,-0.92,-1
Malaysia,MYS,MAL,"Light/Heavy Manufacturing, Utilities, and Construction",358581.94,best case,-0.02,83.79,3.37,-0.08,-0.09
Malaysia,MYS,MAL,Transport services,358581.94,best case,-0.03,97.22,4.66,-0.77,-0.72
Malaysia,MYS,MAL,_All,358581.94,best case,-0.17,603.31,32.05,-0.17,-0.18
Philippines,PHL,PHI,"Agriculture, Mining and Quarrying",330910.34,best case,-0.01,41,13.4,-0.12,-0.11
Philippines,PHL,PHI,"Business, Trade, Personal, and Public Services",330910.34,best case,-0.05,157.66,18.51,-0.09,-0.09
Philippines,PHL,PHI,Hotel and restaurants and Other Personal Services,330910.34,best case,-0.06,205.71,31.52,-1.51,-1.48
Philippines,PHL,PHI,"Light/Heavy Manufacturing, Utilities, and Construction",330910.34,best case,-0.03,114.61,8.37,-0.12,-0.11
Philippines,PHL,PHI,Transport services,330910.34,best case,-0.05,149.95,15.53,-1.27,-1.26
Philippines,PHL,PHI,_All,330910.34,best case,-0.2,668.93,87.33,-0.2,-0.2
Thailand,THA,THA,"Agriculture, Mining and Quarrying",504992.76,best case,-0.02,122.53,49.67,-0.3,-0.27
Thailand,THA,THA,"Business, Trade, Personal, and Public Services",504992.76,best case,-0.16,815.54,47.07,-0.35,-0.32
Thailand,THA,THA,Hotel and restaurants and Other Personal Services,504992.76,best case,-0.3,1510.76,63.4,-2.25,-3.54
Thailand,THA,THA,"Light/Heavy Manufacturing, Utilities, and Construction",504992.76,best case,-0.07,348.36,27.81,-0.24,-0.34
Thailand,THA,THA,Transport services,504992.76,best case,-0.2,1011.37,104.31,-6.23,-4.92
Thailand,THA,THA,_All,504992.76,best case,-0.75,3808.57,292.26,-0.75,-0.65
Viet Nam,VNM,VIE,"Agriculture, Mining and Quarrying",245213.69,best case,-0.03,64.28,20.81,-0.17,-0.08
Viet Nam,VNM,VIE,"Business, Trade, Personal, and Public Services",245213.69,best case,-0.03,79.72,11.21,-0.1,-0.11
Viet Nam,VNM,VIE,Hotel and restaurants and Other Personal Services,245213.69,best case,-0.04,101.86,24.61,-0.88,-0.87
Viet Nam,VNM,VIE,"Light/Heavy Manufacturing, Utilities, and Construction",245213.69,best case,-0.04,107.8,11.64,-0.1,-0.09
Viet Nam,VNM,VIE,Transport services,245213.69,best case,-0.13,321.44,54.01,-3.8,-3.85
Viet Nam,VNM,VIE,_All,245213.69,best case,-0.28,675.1,122.29,-0.28,-0.23
Kazakhstan,KAZ,KAZ,"Agriculture, Mining and Quarrying",179339.99,best case,-0.01,12.42,0.31,-0.03,-0.01
Kazakhstan,KAZ,KAZ,"Business, Trade, Personal, and Public Services",179339.99,best case,0,7.68,0.21,-0.01,-0.01
Kazakhstan,KAZ,KAZ,Hotel and restaurants and Other Personal Services,179339.99,best case,0,0.9,0.03,-0.01,-0.01
Kazakhstan,KAZ,KAZ,"Light/Heavy Manufacturing, Utilities, and Construction",179339.99,best case,0,4.99,0.21,-0.01,-0.01
Kazakhstan,KAZ,KAZ,Transport services,179339.99,best case,0,3.79,0.08,-0.02,-0.03
Kazakhstan,KAZ,KAZ,_All,179339.99,best case,-0.02,29.78,0.83,-0.02,-0.01
Mongolia,MNG,MON,"Agriculture, Mining and Quarrying",13066.75,best case,-0.05,6.63,0.41,-0.13,-0.1
Mongolia,MNG,MON,"Business, Trade, Personal, and Public Services",13066.75,best case,-0.07,9.62,0.9,-0.2,-0.19
Mongolia,MNG,MON,Hotel and restaurants and Other Personal Services,13066.75,best case,-0.08,10.36,2.13,-3.42,-2.69
Mongolia,MNG,MON,"Light/Heavy Manufacturing, Utilities, and Construction",13066.75,best case,-0.02,2.62,0.24,-0.12,-0.1
Mongolia,MNG,MON,Transport services,13066.75,best case,-0.32,41.79,4.47,-6.08,-6.96
Mongolia,MNG,MON,_All,13066.75,best case,-0.54,71.02,8.15,-0.54,-0.65
Sri Lanka,LKA,SRI,"Agriculture, Mining and Quarrying",88900.77,best case,0,2.79,0.65,-0.03,-0.02
Sri Lanka,LKA,SRI,"Business, Trade, Personal, and Public Services",88900.77,best case,-0.02,17.83,0.75,-0.05,-0.03
Sri Lanka,LKA,SRI,Hotel and restaurants and Other Personal Services,88900.77,best case,-0.06,53.49,1.23,-0.48,-0.27
Sri Lanka,LKA,SRI,"Light/Heavy Manufacturing, Utilities, and Construction",88900.77,best case,-0.01,10.63,0.99,-0.05,-0.05
Sri Lanka,LKA,SRI,Transport services,88900.77,best case,-0.02,20.68,1,-0.2,-0.2
Sri Lanka,LKA,SRI,_All,88900.77,best case,-0.12,105.42,4.62,-0.12,-0.05
Pakistan,PAK,PAK,"Agriculture, Mining and Quarrying",314588.21,best case,0,5.51,2.03,-0.01,-0.01
Pakistan,PAK,PAK,"Business, Trade, Personal, and Public Services",314588.21,best case,0,5.54,0.69,0,0
Pakistan,PAK,PAK,Hotel and restaurants and Other Personal Services,314588.21,best case,0,0.67,0.07,0,0
Pakistan,PAK,PAK,"Light/Heavy Manufacturing, Utilities, and Construction",314588.21,best case,0,3.59,0.32,-0.01,0
Pakistan,PAK,PAK,Transport services,314588.21,best case,0,0.92,0.12,0,-0.01
Pakistan,PAK,PAK,_All,314588.21,best case,-0.01,16.23,3.22,-0.01,-0.01
Fiji,FJI,FIJ,"Agriculture, Mining and Quarrying",5536.76,best case,-0.01,0.41,0.12,-0.07,-0.07
Fiji,FJI,FIJ,"Business, Trade, Personal, and Public Services",5536.76,best case,-0.03,1.93,0.07,-0.06,-0.07
Fiji,FJI,FIJ,Hotel and restaurants and Other Personal Services,5536.76,best case,-0.07,3.76,0.07,-0.91,-0.71
Fiji,FJI,FIJ,"Light/Heavy Manufacturing, Utilities, and Construction",5536.76,best case,-0.01,0.59,0.02,-0.06,-0.05
Fiji,FJI,FIJ,Transport services,5536.76,best case,-0.05,2.67,0.05,-0.58,-0.5
Fiji,FJI,FIJ,_All,5536.76,best case,-0.17,9.36,0.32,-0.17,-0.1
Brunei Darussalam,BRN,BRU,"Agriculture, Mining and Quarrying",13567.35,best case,-0.06,8.74,0.03,-0.14,-0.03
Brunei Darussalam,BRN,BRU,"Business, Trade, Personal, and Public Services",13567.35,best case,-0.01,1.37,0.02,-0.03,-0.05
Brunei Darussalam,BRN,BRU,Hotel and restaurants and Other Personal Services,13567.35,best case,-0.04,5.23,0.11,-1.94,-2.18
Brunei Darussalam,BRN,BRU,"Light/Heavy Manufacturing, Utilities, and Construction",13567.35,best case,-0.02,3.07,0.02,-0.13,-0.07
Brunei Darussalam,BRN,BRU,Transport services,13567.35,best case,-0.01,2.03,0.05,-0.91,-0.94
Brunei Darussalam,BRN,BRU,_All,13567.35,best case,-0.15,20.44,0.24,-0.15,-0.12
Bhutan,BTN,BTN,"Agriculture, Mining and Quarrying",2534.97,best case,0,0.03,0.02,-0.01,-0.01
Bhutan,BTN,BTN,"Business, Trade, Personal, and Public Services",2534.97,best case,-0.01,0.18,0.04,-0.02,-0.03
Bhutan,BTN,BTN,Hotel and restaurants and Other Personal Services,2534.97,best case,-0.01,0.16,0.02,-0.23,-0.15
Bhutan,BTN,BTN,"Light/Heavy Manufacturing, Utilities, and Construction",2534.97,best case,-0.01,0.14,0,-0.01,-0.01
Bhutan,BTN,BTN,Transport services,2534.97,best case,0,0.11,0.01,-0.06,-0.1
Bhutan,BTN,BTN,_All,2534.97,best case,-0.02,0.62,0.09,-0.02,-0.02
Kyrgyz Republic,KGZ,KGZ,"Agriculture, Mining and Quarrying",8092.84,best case,0,0.08,0.08,-0.01,-0.01
Kyrgyz Republic,KGZ,KGZ,"Business, Trade, Personal, and Public Services",8092.84,best case,0,0.4,0.12,-0.01,-0.02
Kyrgyz Republic,KGZ,KGZ,Hotel and restaurants and Other Personal Services,8092.84,best case,0,0.02,0,-0.01,-0.01
Kyrgyz Republic,KGZ,KGZ,"Light/Heavy Manufacturing, Utilities, and Construction",8092.84,best case,0,0.29,0.04,-0.01,-0.01
Kyrgyz Republic,KGZ,KGZ,Transport services,8092.84,best case,0,0.27,0.06,-0.07,-0.08
Kyrgyz Republic,KGZ,KGZ,_All,8092.84,best case,-0.01,1.06,0.31,-0.01,-0.01
Cambodia,KHM,CAM,"Agriculture, Mining and Quarrying",24542.47,best case,-0.1,23.4,19.82,-0.37,-0.37
Cambodia,KHM,CAM,"Business, Trade, Personal, and Public Services",24542.47,best case,-0.12,28.33,13.09,-0.42,-0.47
Cambodia,KHM,CAM,Hotel and restaurants and Other Personal Services,24542.47,best case,-0.25,60.79,7.71,-3.07,-2.87
Cambodia,KHM,CAM,"Light/Heavy Manufacturing, Utilities, and Construction",24542.47,best case,-0.07,16.19,5.06,-0.2,-0.35
Cambodia,KHM,CAM,Transport services,24542.47,best case,-0.63,154.61,2.4,-10.81,-10.81
Cambodia,KHM,CAM,_All,24542.47,best case,-1.15,283.32,48.07,-1.15,-0.49
Maldives,MDV,MLD,"Agriculture, Mining and Quarrying",5327.46,best case,-0.04,1.96,1.3,-1.45,-1.45
Maldives,MDV,MLD,"Business, Trade, Personal, and Public Services",5327.46,best case,-0.2,10.68,0.39,-0.61,-0.87
Maldives,MDV,MLD,Hotel and restaurants and Other Personal Services,5327.46,best case,-0.75,40.1,0.13,-3.39,-2.83
Maldives,MDV,MLD,"Light/Heavy Manufacturing, Utilities, and Construction",5327.46,best case,-0.29,15.7,0.26,-0.79,-0.9
Maldives,MDV,MLD,Transport services,5327.46,best case,-0.08,4.09,0.05,-1.54,-1.01
Maldives,MDV,MLD,_All,5327.46,best case,-1.36,72.53,2.12,-1.36,-1.23
Nepal,NPL,NEP,"Agriculture, Mining and Quarrying",29040.4,best case,0,0.51,0.55,-0.01,-0.01
Nepal,NPL,NEP,"Business, Trade, Personal, and Public Services",29040.4,best case,-0.01,2.17,1.45,-0.02,-0.03
Nepal,NPL,NEP,Hotel and restaurants and Other Personal Services,29040.4,best case,-0.03,8,2.52,-0.58,-0.5
Nepal,NPL,NEP,"Light/Heavy Manufacturing, Utilities, and Construction",29040.4,best case,0,0.5,0.48,-0.01,-0.02
Nepal,NPL,NEP,Transport services,29040.4,best case,0,0.95,0.21,-0.05,-0.05
Nepal,NPL,NEP,_All,29040.4,best case,-0.04,12.12,5.21,-0.04,-0.03
Singapore,SGP,SIN,"Agriculture, Mining and Quarrying",364156.66,best case,0,0.15,0.01,-0.16,-0.16
Singapore,SGP,SIN,"Business, Trade, Personal, and Public Services",364156.66,best case,-0.09,335.47,4.09,-0.15,-0.15
Singapore,SGP,SIN,Hotel and restaurants and Other Personal Services,364156.66,best case,-0.09,317,5.64,-1.75,-1.34
Singapore,SGP,SIN,"Light/Heavy Manufacturing, Utilities, and Construction",364156.66,best case,-0.04,145.25,0.95,-0.15,-0.14
Singapore,SGP,SIN,Transport services,364156.66,best case,-0.22,808.37,11.81,-3.22,-3.23
Singapore,SGP,SIN,_All,364156.66,best case,-0.44,1606.23,22.5,-0.44,-0.54
"Hong Kong, China",HKG,HKG,"Agriculture, Mining and Quarrying",362682.02,best case,0,0.56,0.01,-0.23,-0.23
"Hong Kong, China",HKG,HKG,"Business, Trade, Personal, and Public Services",362682.02,best case,-0.2,732.11,5.67,-0.25,-0.24
"Hong Kong, China",HKG,HKG,Hotel and restaurants and Other Personal Services,362682.02,best case,-0.11,397.61,7.43,-1.56,-0.8
"Hong Kong, China",HKG,HKG,"Light/Heavy Manufacturing, Utilities, and Construction",362682.02,best case,-0.01,43.96,0.92,-0.16,-0.16
"Hong Kong, China",HKG,HKG,Transport services,362682.02,best case,-0.32,1164.75,19.24,-5.67,-5.54
"Hong Kong, China",HKG,HKG,_All,362682.02,best case,-0.64,2338.99,33.28,-0.64,-0.78
People's Republic of China,CHN,PRC,"Agriculture, Mining and Quarrying",13608151.86,moderate case,-0.14,18938.9,3220.38,-1.02,-1.25
People's Republic of China,CHN,PRC,"Business, Trade, Personal, and Public Services",13608151.86,moderate case,-0.31,41650.39,1566.17,-0.75,-0.74
People's Republic of China,CHN,PRC,Hotel and restaurants and Other Personal Services,13608151.86,moderate case,-0.09,11586.3,3733.73,-1.69,-1.8
People's Republic of China,CHN,PRC,"Light/Heavy Manufacturing, Utilities, and Construction",13608151.86,moderate case,-0.16,22199.06,911.28,-0.45,-0.32
People's Republic of China,CHN,PRC,Transport services,13608151.86,moderate case,-0.06,8681.3,538.95,-1.45,-1.35
People's Republic of China,CHN,PRC,_All,13608151.86,moderate case,-0.76,103055.95,9970.51,-0.76,-0.99
Indonesia,IDN,INO,"Agriculture, Mining and Quarrying",1042173.3,moderate case,-0.04,425.34,79.61,-0.19,-0.21
Indonesia,IDN,INO,"Business, Trade, Personal, and Public Services",1042173.3,moderate case,-0.03,301.51,33.94,-0.08,-0.08
Indonesia,IDN,INO,Hotel and restaurants and Other Personal Services,1042173.3,moderate case,-0.09,965.16,282.41,-1.79,-1.73
Indonesia,IDN,INO,"Light/Heavy Manufacturing, Utilities, and Construction",1042173.3,moderate case,-0.03,320.16,14.23,-0.09,-0.06
Indonesia,IDN,INO,Transport services,1042173.3,moderate case,-0.02,251.6,14.72,-0.42,-0.26
Indonesia,IDN,INO,_All,1042173.3,moderate case,-0.22,2263.77,424.91,-0.22,-0.34
India,IND,IND,"Agriculture, Mining and Quarrying",2718732.23,moderate case,0,88.05,28.32,-0.02,-0.01
India,IND,IND,"Business, Trade, Personal, and Public Services",2718732.23,moderate case,-0.01,196.44,16.34,-0.01,-0.01
India,IND,IND,Hotel and restaurants and Other Personal Services,2718732.23,moderate case,-0.01,201.83,45.59,-0.18,-0.17
India,IND,IND,"Light/Heavy Manufacturing, Utilities, and Construction",2718732.23,moderate case,0,98.88,14.13,-0.02,-0.01
India,IND,IND,Transport services,2718732.23,moderate case,0,54.74,4.71,-0.04,-0.02
India,IND,IND,_All,2718732.23,moderate case,-0.02,639.95,109.08,-0.02,-0.02
Republic of Korea,KOR,KOR,"Agriculture, Mining and Quarrying",1619423.7,moderate case,0,32.79,1.13,-0.09,-0.07
Republic of Korea,KOR,KOR,"Business, Trade, Personal, and Public Services",1619423.7,moderate case,-0.03,442.26,9.54,-0.06,-0.07
Republic of Korea,KOR,KOR,Hotel and restaurants and Other Personal Services,1619423.7,moderate case,-0.03,529.41,20.6,-0.42,-0.37
Republic of Korea,KOR,KOR,"Light/Heavy Manufacturing, Utilities, and Construction",1619423.7,moderate case,-0.04,701.05,7.07,-0.11,-0.09
Republic of Korea,KOR,KOR,Transport services,1619423.7,moderate case,-0.03,467.92,18.16,-0.85,-1.35
Republic of Korea,KOR,KOR,_All,1619423.7,moderate case,-0.13,2173.42,56.49,-0.13,-0.19
"Taipei,China",TWN,TAP,"Agriculture, Mining and Quarrying",608186,moderate case,0,14.08,0.72,-0.13,-0.13
"Taipei,China",TWN,TAP,"Business, Trade, Personal, and Public Services",608186,moderate case,-0.07,431.71,7.1,-0.14,-0.14
"Taipei,China",TWN,TAP,Hotel and restaurants and Other Personal Services,608186,moderate case,-0.19,1147.79,40.55,-2.8,-2.22
"Taipei,China",TWN,TAP,"Light/Heavy Manufacturing, Utilities, and Construction",608186,moderate case,-0.1,580.53,8.62,-0.26,-0.19
"Taipei,China",TWN,TAP,Transport services,608186,moderate case,-0.08,503.9,13.3,-2.95,-2.72
"Taipei,China",TWN,TAP,_All,608186,moderate case,-0.44,2678,70.29,-0.44,-0.56
Bangladesh,BGD,BAN,"Agriculture, Mining and Quarrying",274024.96,moderate case,0,1.89,1.31,0,0
Bangladesh,BGD,BAN,"Business, Trade, Personal, and Public Services",274024.96,moderate case,0,4.42,0.64,0,0
Bangladesh,BGD,BAN,Hotel and restaurants and Other Personal Services,274024.96,moderate case,0,4.48,0.59,-0.01,-0.02
Bangladesh,BGD,BAN,"Light/Heavy Manufacturing, Utilities, and Construction",274024.96,moderate case,0,4.45,1.13,-0.01,-0.01
Bangladesh,BGD,BAN,Transport services,274024.96,moderate case,0,0.6,0.11,0,0
Bangladesh,BGD,BAN,_All,274024.96,moderate case,-0.01,15.84,3.79,-0.01,-0.01
Malaysia,MYS,MAL,"Agriculture, Mining and Quarrying",358581.94,moderate case,-0.03,123.31,1.81,-0.21,-0.09
Malaysia,MYS,MAL,"Business, Trade, Personal, and Public Services",358581.94,moderate case,-0.06,222.84,15.55,-0.13,-0.15
Malaysia,MYS,MAL,Hotel and restaurants and Other Personal Services,358581.94,moderate case,-0.06,232.33,15.46,-1.24,-1.35
Malaysia,MYS,MAL,"Light/Heavy Manufacturing, Utilities, and Construction",358581.94,moderate case,-0.04,127.15,4.94,-0.12,-0.13
Malaysia,MYS,MAL,Transport services,358581.94,moderate case,-0.03,125.31,6.01,-0.99,-0.93
Malaysia,MYS,MAL,_All,358581.94,moderate case,-0.23,830.94,43.78,-0.23,-0.25
Philippines,PHL,PHI,"Agriculture, Mining and Quarrying",330910.34,moderate case,-0.02,62.22,20.45,-0.19,-0.17
Philippines,PHL,PHI,"Business, Trade, Personal, and Public Services",330910.34,moderate case,-0.07,235.53,27.67,-0.14,-0.13
Philippines,PHL,PHI,Hotel and restaurants and Other Personal Services,330910.34,moderate case,-0.09,302.36,46.3,-2.21,-2.17
Philippines,PHL,PHI,"Light/Heavy Manufacturing, Utilities, and Construction",330910.34,moderate case,-0.05,173.53,12.59,-0.18,-0.17
Philippines,PHL,PHI,Transport services,330910.34,moderate case,-0.07,216.05,22.37,-1.83,-1.82
Philippines,PHL,PHI,_All,330910.34,moderate case,-0.3,989.69,129.38,-0.3,-0.3
Thailand,THA,THA,"Agriculture, Mining and Quarrying",504992.76,moderate case,-0.04,181.15,73.86,-0.44,-0.41
Thailand,THA,THA,"Business, Trade, Personal, and Public Services",504992.76,moderate case,-0.23,1184.17,68.33,-0.5,-0.47
Thailand,THA,THA,Hotel and restaurants and Other Personal Services,504992.76,moderate case,-0.46,2320.96,99.12,-3.46,-5.53
Thailand,THA,THA,"Light/Heavy Manufacturing, Utilities, and Construction",504992.76,moderate case,-0.1,516.57,40.6,-0.36,-0.5
Thailand,THA,THA,Transport services,504992.76,moderate case,-0.28,1398.53,144.43,-8.62,-6.82
Thailand,THA,THA,_All,504992.76,moderate case,-1.11,5601.38,426.34,-1.11,-0.95
Viet Nam,VNM,VIE,"Agriculture, Mining and Quarrying",245213.69,moderate case,-0.04,106.21,39.42,-0.28,-0.15
Viet Nam,VNM,VIE,"Business, Trade, Personal, and Public Services",245213.69,moderate case,-0.05,122.22,16.61,-0.15,-0.17
Viet Nam,VNM,VIE,Hotel and restaurants and Other Personal Services,245213.69,moderate case,-0.06,147.09,35.48,-1.27,-1.25
Viet Nam,VNM,VIE,"Light/Heavy Manufacturing, Utilities, and Construction",245213.69,moderate case,-0.07,179.86,19.46,-0.17,-0.14
Viet Nam,VNM,VIE,Transport services,245213.69,moderate case,-0.19,457.4,76.87,-5.41,-5.48
Viet Nam,VNM,VIE,_All,245213.69,moderate case,-0.41,1012.78,187.83,-0.41,-0.35
Kazakhstan,KAZ,KAZ,"Agriculture, Mining and Quarrying",179339.99,moderate case,-0.01,24.39,0.71,-0.06,-0.01
Kazakhstan,KAZ,KAZ,"Business, Trade, Personal, and Public Services",179339.99,moderate case,-0.01,14.1,0.38,-0.02,-0.01
Kazakhstan,KAZ,KAZ,Hotel and restaurants and Other Personal Services,179339.99,moderate case,0,1.52,0.05,-0.02,-0.02
Kazakhstan,KAZ,KAZ,"Light/Heavy Manufacturing, Utilities, and Construction",179339.99,moderate case,-0.01,10.17,0.43,-0.03,-0.02
Kazakhstan,KAZ,KAZ,Transport services,179339.99,moderate case,0,6.84,0.13,-0.04,-0.05
Kazakhstan,KAZ,KAZ,_All,179339.99,moderate case,-0.03,57.02,1.71,-0.03,-0.02
Mongolia,MNG,MON,"Agriculture, Mining and Quarrying",13066.75,moderate case,-0.1,13,0.75,-0.26,-0.19
Mongolia,MNG,MON,"Business, Trade, Personal, and Public Services",13066.75,moderate case,-0.1,13.31,1.24,-0.27,-0.26
Mongolia,MNG,MON,Hotel and restaurants and Other Personal Services,13066.75,moderate case,-0.11,13.79,2.82,-4.56,-3.56
Mongolia,MNG,MON,"Light/Heavy Manufacturing, Utilities, and Construction",13066.75,moderate case,-0.03,3.8,0.35,-0.18,-0.14
Mongolia,MNG,MON,Transport services,13066.75,moderate case,-0.4,52.74,5.66,-7.68,-8.8
Mongolia,MNG,MON,_All,13066.75,moderate case,-0.74,96.65,10.82,-0.74,-0.86
Sri Lanka,LKA,SRI,"Agriculture, Mining and Quarrying",88900.77,moderate case,0,4.31,1.02,-0.04,-0.04
Sri Lanka,LKA,SRI,"Business, Trade, Personal, and Public Services",88900.77,moderate case,-0.03,27.02,1.15,-0.08,-0.04
Sri Lanka,LKA,SRI,Hotel and restaurants and Other Personal Services,88900.77,moderate case,-0.09,80.29,1.85,-0.72,-0.4
Sri Lanka,LKA,SRI,"Light/Heavy Manufacturing, Utilities, and Construction",88900.77,moderate case,-0.02,16.36,1.53,-0.07,-0.07
Sri Lanka,LKA,SRI,Transport services,88900.77,moderate case,-0.03,31.11,1.5,-0.31,-0.31
Sri Lanka,LKA,SRI,_All,88900.77,moderate case,-0.18,159.08,7.04,-0.18,-0.08
Pakistan,PAK,PAK,"Agriculture, Mining and Quarrying",314588.21,moderate case,0,12.19,4.54,-0.01,-0.01
Pakistan,PAK,PAK,"Business, Trade, Personal, and Public Services",314588.21,moderate case,0,10.67,1.36,-0.01,-0.01
Pakistan,PAK,PAK,Hotel and restaurants and Other Personal Services,314588.21,moderate case,0,1.5,0.15,-0.01,-0.01
Pakistan,PAK,PAK,"Light/Heavy Manufacturing, Utilities, and Construction",314588.21,moderate case,0,8.04,0.63,-0.02,-0.01
Pakistan,PAK,PAK,Transport services,314588.21,moderate case,0,1.72,0.21,-0.01,-0.01
Pakistan,PAK,PAK,_All,314588.21,moderate case,-0.01,34.12,6.89,-0.01,-0.01
Fiji,FJI,FIJ,"Agriculture, Mining and Quarrying",5536.76,moderate case,-0.01,0.66,0.18,-0.1,-0.1
Fiji,FJI,FIJ,"Business, Trade, Personal, and Public Services",5536.76,moderate case,-0.05,2.96,0.11,-0.1,-0.11
Fiji,FJI,FIJ,Hotel and restaurants and Other Personal Services,5536.76,moderate case,-0.1,5.67,0.1,-1.37,-1.07
Fiji,FJI,FIJ,"Light/Heavy Manufacturing, Utilities, and Construction",5536.76,moderate case,-0.02,0.94,0.03,-0.1,-0.08
Fiji,FJI,FIJ,Transport services,5536.76,moderate case,-0.07,4.02,0.07,-0.88,-0.76
Fiji,FJI,FIJ,_All,5536.76,moderate case,-0.26,14.25,0.5,-0.26,-0.15
Brunei Darussalam,BRN,BRU,"Agriculture, Mining and Quarrying",13567.35,moderate case,-0.09,12.68,0.04,-0.2,-0.04
Brunei Darussalam,BRN,BRU,"Business, Trade, Personal, and Public Services",13567.35,moderate case,-0.01,1.88,0.03,-0.04,-0.06
Brunei Darussalam,BRN,BRU,Hotel and restaurants and Other Personal Services,13567.35,moderate case,-0.05,7.06,0.15,-2.63,-2.97
Brunei Darussalam,BRN,BRU,"Light/Heavy Manufacturing, Utilities, and Construction",13567.35,moderate case,-0.03,4.27,0.03,-0.18,-0.09
Brunei Darussalam,BRN,BRU,Transport services,13567.35,moderate case,-0.02,2.64,0.07,-1.18,-1.23
Brunei Darussalam,BRN,BRU,_All,13567.35,moderate case,-0.21,28.54,0.33,-0.21,-0.16
Bhutan,BTN,BTN,"Agriculture, Mining and Quarrying",2534.97,moderate case,0,0.05,0.02,-0.01,-0.01
Bhutan,BTN,BTN,"Business, Trade, Personal, and Public Services",2534.97,moderate case,-0.01,0.27,0.06,-0.04,-0.05
Bhutan,BTN,BTN,Hotel and restaurants and Other Personal Services,2534.97,moderate case,-0.01,0.24,0.03,-0.35,-0.23
Bhutan,BTN,BTN,"Light/Heavy Manufacturing, Utilities, and Construction",2534.97,moderate case,-0.01,0.26,0.01,-0.03,-0.01
Bhutan,BTN,BTN,Transport services,2534.97,moderate case,-0.01,0.16,0.02,-0.09,-0.15
Bhutan,BTN,BTN,_All,2534.97,moderate case,-0.04,0.99,0.14,-0.04,-0.03
Kyrgyz Republic,KGZ,KGZ,"Agriculture, Mining and Quarrying",8092.84,moderate case,0,0.17,0.17,-0.01,-0.01
Kyrgyz Republic,KGZ,KGZ,"Business, Trade, Personal, and Public Services",8092.84,moderate case,-0.01,0.75,0.2,-0.02,-0.03
Kyrgyz Republic,KGZ,KGZ,Hotel and restaurants and Other Personal Services,8092.84,moderate case,0,0.03,0.01,-0.01,-0.01
Kyrgyz Republic,KGZ,KGZ,"Light/Heavy Manufacturing, Utilities, and Construction",8092.84,moderate case,-0.01,0.51,0.07,-0.02,-0.02
Kyrgyz Republic,KGZ,KGZ,Transport services,8092.84,moderate case,-0.01,0.43,0.1,-0.11,-0.12
Kyrgyz Republic,KGZ,KGZ,_All,8092.84,moderate case,-0.02,1.89,0.55,-0.02,-0.02
Cambodia,KHM,CAM,"Agriculture, Mining and Quarrying",24542.47,moderate case,-0.14,34.58,29.31,-0.55,-0.55
Cambodia,KHM,CAM,"Business, Trade, Personal, and Public Services",24542.47,moderate case,-0.16,39.4,18.12,-0.58,-0.65
Cambodia,KHM,CAM,Hotel and restaurants and Other Personal Services,24542.47,moderate case,-0.36,89.18,11.27,-4.5,-4.19
Cambodia,KHM,CAM,"Light/Heavy Manufacturing, Utilities, and Construction",24542.47,moderate case,-0.09,22.56,7.19,-0.28,-0.49
Cambodia,KHM,CAM,Transport services,24542.47,moderate case,-0.84,205.02,3.18,-14.34,-14.34
Cambodia,KHM,CAM,_All,24542.47,moderate case,-1.59,390.74,69.08,-1.59,-0.7
Maldives,MDV,MLD,"Agriculture, Mining and Quarrying",5327.46,moderate case,-0.06,2.95,1.95,-2.19,-2.19
Maldives,MDV,MLD,"Business, Trade, Personal, and Public Services",5327.46,moderate case,-0.3,16.07,0.59,-0.92,-1.31
Maldives,MDV,MLD,Hotel and restaurants and Other Personal Services,5327.46,moderate case,-1.13,60.26,0.19,-5.09,-4.26
Maldives,MDV,MLD,"Light/Heavy Manufacturing, Utilities, and Construction",5327.46,moderate case,-0.44,23.62,0.4,-1.19,-1.35
Maldives,MDV,MLD,Transport services,5327.46,moderate case,-0.12,6.13,0.07,-2.32,-1.51
Maldives,MDV,MLD,_All,5327.46,moderate case,-2.05,109.03,3.19,-2.05,-1.85
Nepal,NPL,NEP,"Agriculture, Mining and Quarrying",29040.4,moderate case,0,0.79,0.86,-0.01,-0.01
Nepal,NPL,NEP,"Business, Trade, Personal, and Public Services",29040.4,moderate case,-0.01,3.31,2.21,-0.03,-0.04
Nepal,NPL,NEP,Hotel and restaurants and Other Personal Services,29040.4,moderate case,-0.04,12.04,3.79,-0.88,-0.75
Nepal,NPL,NEP,"Light/Heavy Manufacturing, Utilities, and Construction",29040.4,moderate case,0,0.77,0.74,-0.02,-0.03
Nepal,NPL,NEP,Transport services,29040.4,moderate case,0,1.43,0.31,-0.07,-0.07
Nepal,NPL,NEP,_All,29040.4,moderate case,-0.06,18.35,7.91,-0.06,-0.04
Singapore,SGP,SIN,"Agriculture, Mining and Quarrying",364156.66,moderate case,0,0.2,0.01,-0.22,-0.22
Singapore,SGP,SIN,"Business, Trade, Personal, and Public Services",364156.66,moderate case,-0.12,453.51,5.52,-0.2,-0.21
Singapore,SGP,SIN,Hotel and restaurants and Other Personal Services,364156.66,moderate case,-0.1,376.64,6.77,-2.08,-1.6
Singapore,SGP,SIN,"Light/Heavy Manufacturing, Utilities, and Construction",364156.66,moderate case,-0.06,211.66,1.38,-0.22,-0.21
Singapore,SGP,SIN,Transport services,364156.66,moderate case,-0.29,1047.25,15.3,-4.17,-4.19
Singapore,SGP,SIN,_All,364156.66,moderate case,-0.57,2089.26,28.98,-0.57,-0.7
"Hong Kong, China",HKG,HKG,"Agriculture, Mining and Quarrying",362682.02,moderate case,0,0.76,0.02,-0.31,-0.31
"Hong Kong, China",HKG,HKG,"Business, Trade, Personal, and Public Services",362682.02,moderate case,-0.27,990.96,7.69,-0.34,-0.32
"Hong Kong, China",HKG,HKG,Hotel and restaurants and Other Personal Services,362682.02,moderate case,-0.13,483.83,9.09,-1.9,-0.98
"Hong Kong, China",HKG,HKG,"Light/Heavy Manufacturing, Utilities, and Construction",362682.02,moderate case,-0.02,57.96,1.23,-0.21,-0.21
"Hong Kong, China",HKG,HKG,Transport services,362682.02,moderate case,-0.43,1545.3,25.52,-7.52,-7.35
"Hong Kong, China",HKG,HKG,_All,362682.02,moderate case,-0.85,3078.8,43.54,-0.85,-1.02
People's Republic of China,CHN,PRC,"Agriculture, Mining and Quarrying",13608151.86,worse case,-0.23,31967.62,4451.66,-1.71,-1.73
People's Republic of China,CHN,PRC,"Business, Trade, Personal, and Public Services",13608151.86,worse case,-0.69,94043.41,3442.46,-1.69,-1.63
People's Republic of China,CHN,PRC,Hotel and restaurants and Other Personal Services,13608151.86,worse case,-0.14,18861.83,6148.77,-2.75,-2.97
People's Republic of China,CHN,PRC,"Light/Heavy Manufacturing, Utilities, and Construction",13608151.86,worse case,-0.54,73792.43,4443.05,-1.51,-1.54
People's Republic of China,CHN,PRC,Transport services,13608151.86,worse case,-0.13,18128.17,1138.5,-3.03,-2.85
People's Republic of China,CHN,PRC,_All,13608151.86,worse case,-1.74,236793.47,19624.44,-1.74,-1.95
Indonesia,IDN,INO,"Agriculture, Mining and Quarrying",1042173.3,worse case,-0.07,727.27,124.45,-0.32,-0.32
Indonesia,IDN,INO,"Business, Trade, Personal, and Public Services",1042173.3,worse case,-0.05,502.13,56.21,-0.14,-0.14
Indonesia,IDN,INO,Hotel and restaurants and Other Personal Services,1042173.3,worse case,-0.15,1585.49,471.8,-2.95,-2.9
Indonesia,IDN,INO,"Light/Heavy Manufacturing, Utilities, and Construction",1042173.3,worse case,-0.05,557.22,26.36,-0.16,-0.11
Indonesia,IDN,INO,Transport services,1042173.3,worse case,-0.04,391.82,23.22,-0.65,-0.4
Indonesia,IDN,INO,_All,1042173.3,worse case,-0.36,3763.94,702.03,-0.36,-0.56
India,IND,IND,"Agriculture, Mining and Quarrying",2718732.23,worse case,-0.01,161.9,46.1,-0.04,-0.02
India,IND,IND,"Business, Trade, Personal, and Public Services",2718732.23,worse case,-0.01,381.78,32.25,-0.03,-0.03
India,IND,IND,Hotel and restaurants and Other Personal Services,2718732.23,worse case,-0.01,352.27,79.6,-0.31,-0.29
India,IND,IND,"Light/Heavy Manufacturing, Utilities, and Construction",2718732.23,worse case,-0.01,206.67,28.63,-0.03,-0.02
India,IND,IND,Transport services,2718732.23,worse case,0,100.71,9.08,-0.07,-0.04
India,IND,IND,_All,2718732.23,worse case,-0.04,1203.33,195.66,-0.04,-0.03
Republic of Korea,KOR,KOR,"Agriculture, Mining and Quarrying",1619423.7,worse case,0,63.44,2.16,-0.17,-0.14
Republic of Korea,KOR,KOR,"Business, Trade, Personal, and Public Services",1619423.7,worse case,-0.06,1030.49,22.91,-0.13,-0.17
Republic of Korea,KOR,KOR,Hotel and restaurants and Other Personal Services,1619423.7,worse case,-0.06,1035.09,40.44,-0.83,-0.74
Republic of Korea,KOR,KOR,"Light/Heavy Manufacturing, Utilities, and Construction",1619423.7,worse case,-0.12,1985.56,20.19,-0.32,-0.25
Republic of Korea,KOR,KOR,Transport services,1619423.7,worse case,-0.06,892.77,34.19,-1.63,-2.55
Republic of Korea,KOR,KOR,_All,1619423.7,worse case,-0.31,5007.35,119.88,-0.31,-0.4
"Taipei,China",TWN,TAP,"Agriculture, Mining and Quarrying",608186,worse case,0,22.92,1.15,-0.22,-0.2
"Taipei,China",TWN,TAP,"Business, Trade, Personal, and Public Services",608186,worse case,-0.14,869.41,14.45,-0.27,-0.28
"Taipei,China",TWN,TAP,Hotel and restaurants and Other Personal Services,608186,worse case,-0.36,2195.68,77.05,-5.35,-4.21
"Taipei,China",TWN,TAP,"Light/Heavy Manufacturing, Utilities, and Construction",608186,worse case,-0.25,1512.32,22.5,-0.68,-0.5
"Taipei,China",TWN,TAP,Transport services,608186,worse case,-0.13,802.2,21.06,-4.7,-4.31
"Taipei,China",TWN,TAP,_All,608186,worse case,-0.89,5402.53,136.2,-0.89,-1.09
Bangladesh,BGD,BAN,"Agriculture, Mining and Quarrying",274024.96,worse case,0,3.21,2.21,-0.01,-0.01
Bangladesh,BGD,BAN,"Business, Trade, Personal, and Public Services",274024.96,worse case,0,9.08,1.35,-0.01,-0.01
Bangladesh,BGD,BAN,Hotel and restaurants and Other Personal Services,274024.96,worse case,0,8.93,1.18,-0.03,-0.04
Bangladesh,BGD,BAN,"Light/Heavy Manufacturing, Utilities, and Construction",274024.96,worse case,0,7.96,2.01,-0.01,-0.01
Bangladesh,BGD,BAN,Transport services,274024.96,worse case,0,1.12,0.21,0,0
Bangladesh,BGD,BAN,_All,274024.96,worse case,-0.01,30.31,6.95,-0.01,-0.01
Malaysia,MYS,MAL,"Agriculture, Mining and Quarrying",358581.94,worse case,-0.06,221.7,3.28,-0.37,-0.17
Malaysia,MYS,MAL,"Business, Trade, Personal, and Public Services",358581.94,worse case,-0.11,407.43,28.33,-0.25,-0.28
Malaysia,MYS,MAL,Hotel and restaurants and Other Personal Services,358581.94,worse case,-0.11,411.21,27.38,-2.2,-2.39
Malaysia,MYS,MAL,"Light/Heavy Manufacturing, Utilities, and Construction",358581.94,worse case,-0.07,262.85,9.77,-0.26,-0.25
Malaysia,MYS,MAL,Transport services,358581.94,worse case,-0.06,209.26,10.07,-1.66,-1.55
Malaysia,MYS,MAL,_All,358581.94,worse case,-0.42,1512.46,78.83,-0.42,-0.44
Philippines,PHL,PHI,"Agriculture, Mining and Quarrying",330910.34,worse case,-0.04,118.2,38.56,-0.35,-0.32
Philippines,PHL,PHI,"Business, Trade, Personal, and Public Services",330910.34,worse case,-0.14,464.66,54.59,-0.27,-0.26
Philippines,PHL,PHI,Hotel and restaurants and Other Personal Services,330910.34,worse case,-0.18,591.76,90.55,-4.33,-4.24
Philippines,PHL,PHI,"Light/Heavy Manufacturing, Utilities, and Construction",330910.34,worse case,-0.11,349.97,25.52,-0.35,-0.34
Philippines,PHL,PHI,Transport services,330910.34,worse case,-0.13,414.35,42.92,-3.5,-3.5
Philippines,PHL,PHI,_All,330910.34,worse case,-0.59,1938.94,252.13,-0.59,-0.58
Thailand,THA,THA,"Agriculture, Mining and Quarrying",504992.76,worse case,-0.07,340.04,138.35,-0.83,-0.76
Thailand,THA,THA,"Business, Trade, Personal, and Public Services",504992.76,worse case,-0.45,2271.36,130.95,-0.96,-0.89
Thailand,THA,THA,Hotel and restaurants and Other Personal Services,504992.76,worse case,-0.94,4731.69,205.32,-7.06,-11.45
Thailand,THA,THA,"Light/Heavy Manufacturing, Utilities, and Construction",504992.76,worse case,-0.2,1033.18,78.19,-0.71,-0.96
Thailand,THA,THA,Transport services,504992.76,worse case,-0.51,2557.64,264.54,-15.76,-12.48
Thailand,THA,THA,_All,504992.76,worse case,-2.17,10933.9,817.35,-2.17,-1.82
Viet Nam,VNM,VIE,"Agriculture, Mining and Quarrying",245213.69,worse case,-0.08,196.66,63.01,-0.51,-0.24
Viet Nam,VNM,VIE,"Business, Trade, Personal, and Public Services",245213.69,worse case,-0.09,232.5,31.5,-0.28,-0.32
Viet Nam,VNM,VIE,Hotel and restaurants and Other Personal Services,245213.69,worse case,-0.12,282.13,67.92,-2.43,-2.39
Viet Nam,VNM,VIE,"Light/Heavy Manufacturing, Utilities, and Construction",245213.69,worse case,-0.14,345.18,38.35,-0.33,-0.28
Viet Nam,VNM,VIE,Transport services,245213.69,worse case,-0.35,862.61,144.96,-10.2,-10.33
Viet Nam,VNM,VIE,_All,245213.69,worse case,-0.78,1919.08,345.73,-0.78,-0.65
Kazakhstan,KAZ,KAZ,"Agriculture, Mining and Quarrying",179339.99,worse case,-0.04,68.98,4.76,-0.18,-0.08
Kazakhstan,KAZ,KAZ,"Business, Trade, Personal, and Public Services",179339.99,worse case,-0.02,35.2,0.93,-0.04,-0.04
Kazakhstan,KAZ,KAZ,Hotel and restaurants and Other Personal Services,179339.99,worse case,0,2.91,0.1,-0.04,-0.04
Kazakhstan,KAZ,KAZ,"Light/Heavy Manufacturing, Utilities, and Construction",179339.99,worse case,-0.02,31.18,1.12,-0.08,-0.06
Kazakhstan,KAZ,KAZ,Transport services,179339.99,worse case,-0.01,15.93,0.31,-0.1,-0.11
Kazakhstan,KAZ,KAZ,_All,179339.99,worse case,-0.09,154.2,7.2,-0.09,-0.07
Mongolia,MNG,MON,"Agriculture, Mining and Quarrying",13066.75,worse case,-0.38,49.08,1.63,-0.97,-0.4
Mongolia,MNG,MON,"Business, Trade, Personal, and Public Services",13066.75,worse case,-0.22,28.24,2.54,-0.58,-0.54
Mongolia,MNG,MON,Hotel and restaurants and Other Personal Services,13066.75,worse case,-0.19,24.22,4.94,-8.01,-6.23
Mongolia,MNG,MON,"Light/Heavy Manufacturing, Utilities, and Construction",13066.75,worse case,-0.07,9.53,0.9,-0.45,-0.37
Mongolia,MNG,MON,Transport services,13066.75,worse case,-0.66,86.27,9.29,-12.56,-14.44
Mongolia,MNG,MON,_All,13066.75,worse case,-1.51,197.34,19.3,-1.51,-1.53
Sri Lanka,LKA,SRI,"Agriculture, Mining and Quarrying",88900.77,worse case,-0.01,8.74,2.07,-0.08,-0.08
Sri Lanka,LKA,SRI,"Business, Trade, Personal, and Public Services",88900.77,worse case,-0.06,54.26,2.32,-0.16,-0.08
Sri Lanka,LKA,SRI,Hotel and restaurants and Other Personal Services,88900.77,worse case,-0.18,160.57,3.7,-1.43,-0.81
Sri Lanka,LKA,SRI,"Light/Heavy Manufacturing, Utilities, and Construction",88900.77,worse case,-0.04,32.36,3.06,-0.14,-0.14
Sri Lanka,LKA,SRI,Transport services,88900.77,worse case,-0.07,62.26,3.01,-0.62,-0.62
Sri Lanka,LKA,SRI,_All,88900.77,worse case,-0.36,318.19,14.16,-0.36,-0.16
Pakistan,PAK,PAK,"Agriculture, Mining and Quarrying",314588.21,worse case,-0.01,21.66,7.99,-0.03,-0.03
Pakistan,PAK,PAK,"Business, Trade, Personal, and Public Services",314588.21,worse case,-0.01,18.83,2.31,-0.01,-0.01
Pakistan,PAK,PAK,Hotel and restaurants and Other Personal Services,314588.21,worse case,0,2.42,0.24,-0.02,-0.02
Pakistan,PAK,PAK,"Light/Heavy Manufacturing, Utilities, and Construction",314588.21,worse case,0,14.55,1.25,-0.03,-0.01
Pakistan,PAK,PAK,Transport services,314588.21,worse case,0,3.35,0.4,-0.01,-0.02
Pakistan,PAK,PAK,_All,314588.21,worse case,-0.02,60.81,12.2,-0.02,-0.02
Fiji,FJI,FIJ,"Agriculture, Mining and Quarrying",5536.76,worse case,-0.02,1.27,0.36,-0.2,-0.2
Fiji,FJI,FIJ,"Business, Trade, Personal, and Public Services",5536.76,worse case,-0.11,5.95,0.21,-0.19,-0.22
Fiji,FJI,FIJ,Hotel and restaurants and Other Personal Services,5536.76,worse case,-0.21,11.37,0.21,-2.74,-2.14
Fiji,FJI,FIJ,"Light/Heavy Manufacturing, Utilities, and Construction",5536.76,worse case,-0.03,1.85,0.07,-0.2,-0.15
Fiji,FJI,FIJ,Transport services,5536.76,worse case,-0.15,8.07,0.15,-1.76,-1.52
Fiji,FJI,FIJ,_All,5536.76,worse case,-0.51,28.51,0.99,-0.51,-0.29
Brunei Darussalam,BRN,BRU,"Agriculture, Mining and Quarrying",13567.35,worse case,-0.18,24.17,0.07,-0.39,-0.07
Brunei Darussalam,BRN,BRU,"Business, Trade, Personal, and Public Services",13567.35,worse case,-0.03,3.4,0.06,-0.08,-0.12
Brunei Darussalam,BRN,BRU,Hotel and restaurants and Other Personal Services,13567.35,worse case,-0.09,12.56,0.28,-4.67,-5.31
Brunei Darussalam,BRN,BRU,"Light/Heavy Manufacturing, Utilities, and Construction",13567.35,worse case,-0.06,7.77,0.06,-0.33,-0.17
Brunei Darussalam,BRN,BRU,Transport services,13567.35,worse case,-0.03,4.47,0.12,-2,-2.08
Brunei Darussalam,BRN,BRU,_All,13567.35,worse case,-0.39,52.38,0.58,-0.39,-0.29
Bhutan,BTN,BTN,"Agriculture, Mining and Quarrying",2534.97,worse case,0,0.11,0.05,-0.02,-0.02
Bhutan,BTN,BTN,"Business, Trade, Personal, and Public Services",2534.97,worse case,-0.02,0.56,0.12,-0.08,-0.1
Bhutan,BTN,BTN,Hotel and restaurants and Other Personal Services,2534.97,worse case,-0.02,0.47,0.06,-0.71,-0.47
Bhutan,BTN,BTN,"Light/Heavy Manufacturing, Utilities, and Construction",2534.97,worse case,-0.02,0.57,0.02,-0.06,-0.03
Bhutan,BTN,BTN,Transport services,2534.97,worse case,-0.01,0.33,0.04,-0.17,-0.31
Bhutan,BTN,BTN,_All,2534.97,worse case,-0.08,2.05,0.29,-0.08,-0.06
Kyrgyz Republic,KGZ,KGZ,"Agriculture, Mining and Quarrying",8092.84,worse case,-0.01,0.43,0.43,-0.03,-0.03
Kyrgyz Republic,KGZ,KGZ,"Business, Trade, Personal, and Public Services",8092.84,worse case,-0.02,1.67,0.43,-0.04,-0.06
Kyrgyz Republic,KGZ,KGZ,Hotel and restaurants and Other Personal Services,8092.84,worse case,0,0.07,0.01,-0.02,-0.02
Kyrgyz Republic,KGZ,KGZ,"Light/Heavy Manufacturing, Utilities, and Construction",8092.84,worse case,-0.02,1.38,0.18,-0.06,-0.04
Kyrgyz Republic,KGZ,KGZ,Transport services,8092.84,worse case,-0.01,0.88,0.2,-0.24,-0.24
Kyrgyz Republic,KGZ,KGZ,_All,8092.84,worse case,-0.05,4.44,1.26,-0.05,-0.05
Cambodia,KHM,CAM,"Agriculture, Mining and Quarrying",24542.47,worse case,-0.28,67.83,57.56,-1.08,-1.09
Cambodia,KHM,CAM,"Business, Trade, Personal, and Public Services",24542.47,worse case,-0.29,72.25,33.07,-1.06,-1.18
Cambodia,KHM,CAM,Hotel and restaurants and Other Personal Services,24542.47,worse case,-0.71,174.27,21.96,-8.8,-8.17
Cambodia,KHM,CAM,"Light/Heavy Manufacturing, Utilities, and Construction",24542.47,worse case,-0.17,40.89,13.32,-0.51,-0.92
Cambodia,KHM,CAM,Transport services,24542.47,worse case,-1.45,356.12,5.52,-24.91,-24.91
Cambodia,KHM,CAM,_All,24542.47,worse case,-2.9,711.36,131.44,-2.9,-1.34
Maldives,MDV,MLD,"Agriculture, Mining and Quarrying",5327.46,worse case,-0.11,5.92,3.91,-4.38,-4.38
Maldives,MDV,MLD,"Business, Trade, Personal, and Public Services",5327.46,worse case,-0.6,32.22,1.18,-1.84,-2.63
Maldives,MDV,MLD,Hotel and restaurants and Other Personal Services,5327.46,worse case,-2.27,120.74,0.38,-10.2,-8.54
Maldives,MDV,MLD,"Light/Heavy Manufacturing, Utilities, and Construction",5327.46,worse case,-0.89,47.36,0.79,-2.38,-2.71
Maldives,MDV,MLD,Transport services,5327.46,worse case,-0.23,12.25,0.14,-4.63,-3.02
Maldives,MDV,MLD,_All,5327.46,worse case,-4.1,218.48,6.4,-4.1,-3.72
Nepal,NPL,NEP,"Agriculture, Mining and Quarrying",29040.4,worse case,-0.01,1.55,1.68,-0.02,-0.02
Nepal,NPL,NEP,"Business, Trade, Personal, and Public Services",29040.4,worse case,-0.02,6.7,4.46,-0.05,-0.08
Nepal,NPL,NEP,Hotel and restaurants and Other Personal Services,29040.4,worse case,-0.08,24.07,7.57,-1.75,-1.49
Nepal,NPL,NEP,"Light/Heavy Manufacturing, Utilities, and Construction",29040.4,worse case,-0.01,1.59,1.55,-0.04,-0.05
Nepal,NPL,NEP,Transport services,29040.4,worse case,-0.01,2.87,0.62,-0.14,-0.14
Nepal,NPL,NEP,_All,29040.4,worse case,-0.13,36.78,15.88,-0.13,-0.08
Singapore,SGP,SIN,"Agriculture, Mining and Quarrying",364156.66,worse case,0,0.33,0.02,-0.37,-0.37
Singapore,SGP,SIN,"Business, Trade, Personal, and Public Services",364156.66,worse case,-0.22,810.46,9.84,-0.36,-0.37
Singapore,SGP,SIN,Hotel and restaurants and Other Personal Services,364156.66,worse case,-0.15,555.66,10.17,-3.07,-2.41
Singapore,SGP,SIN,"Light/Heavy Manufacturing, Utilities, and Construction",364156.66,worse case,-0.12,422.04,2.75,-0.44,-0.41
Singapore,SGP,SIN,Transport services,364156.66,worse case,-0.48,1764.63,25.78,-7.02,-7.06
Singapore,SGP,SIN,_All,364156.66,worse case,-0.98,3553.12,48.56,-0.98,-1.17
"Hong Kong, China",HKG,HKG,"Agriculture, Mining and Quarrying",362682.02,worse case,0,1.31,0.03,-0.53,-0.53
"Hong Kong, China",HKG,HKG,"Business, Trade, Personal, and Public Services",362682.02,worse case,-0.48,1729.66,13.46,-0.6,-0.56
"Hong Kong, China",HKG,HKG,Hotel and restaurants and Other Personal Services,362682.02,worse case,-0.2,741.66,14.03,-2.92,-1.51
"Hong Kong, China",HKG,HKG,"Light/Heavy Manufacturing, Utilities, and Construction",362682.02,worse case,-0.03,100.43,2.14,-0.37,-0.37
"Hong Kong, China",HKG,HKG,Transport services,362682.02,worse case,-0.74,2687.74,44.39,-13.08,-12.79
"Hong Kong, China",HKG,HKG,_All,362682.02,worse case,-1.45,5260.81,74.05,-1.45,-1.74
People's Republic of China,CHN,PRC,"Agriculture, Mining and Quarrying",13608151.86,hypothetical worst case,-0.24,32002.18,4455.6,-1.72,-1.73
People's Republic of China,CHN,PRC,"Business, Trade, Personal, and Public Services",13608151.86,hypothetical worst case,-0.69,94076.53,3444.34,-1.69,-1.63
People's Republic of China,CHN,PRC,Hotel and restaurants and Other Personal Services,13608151.86,hypothetical worst case,-0.14,18866.01,6149.96,-2.75,-2.97
People's Republic of China,CHN,PRC,"Light/Heavy Manufacturing, Utilities, and Construction",13608151.86,hypothetical worst case,-0.54,73846.56,4445.53,-1.51,-1.54
People's Republic of China,CHN,PRC,Transport services,13608151.86,hypothetical worst case,-0.13,18134.51,1138.9,-3.03,-2.85
People's Republic of China,CHN,PRC,_All,13608151.86,hypothetical worst case,-1.74,236925.79,19634.34,-1.74,-1.95
Indonesia,IDN,INO,"Agriculture, Mining and Quarrying",1042173.3,hypothetical worst case,-0.27,2804.14,626.62,-1.24,-1.63
Indonesia,IDN,INO,"Business, Trade, Personal, and Public Services",1042173.3,hypothetical worst case,-0.41,4240.6,427.58,-1.19,-1.07
Indonesia,IDN,INO,Hotel and restaurants and Other Personal Services,1042173.3,hypothetical worst case,-0.23,2444.46,733.87,-4.54,-4.5
Indonesia,IDN,INO,"Light/Heavy Manufacturing, Utilities, and Construction",1042173.3,hypothetical worst case,-0.26,2688.56,144.46,-0.78,-0.58
Indonesia,IDN,INO,Transport services,1042173.3,hypothetical worst case,-0.11,1170.92,93.35,-1.95,-1.62
Indonesia,IDN,INO,_All,1042173.3,hypothetical worst case,-1.28,13348.68,2025.89,-1.28,-1.62
India,IND,IND,"Agriculture, Mining and Quarrying",2718732.23,hypothetical worst case,-0.25,6897.07,4575.79,-1.62,-1.7
India,IND,IND,"Business, Trade, Personal, and Public Services",2718732.23,hypothetical worst case,-0.58,15861.48,1390.65,-1.11,-1.16
India,IND,IND,Hotel and restaurants and Other Personal Services,2718732.23,hypothetical worst case,-0.07,1835.89,451.46,-1.64,-1.64
India,IND,IND,"Light/Heavy Manufacturing, Utilities, and Construction",2718732.23,hypothetical worst case,-0.12,3391.38,824.13,-0.57,-0.62
India,IND,IND,Transport services,2718732.23,hypothetical worst case,-0.07,1931.28,291.66,-1.25,-1.24
India,IND,IND,_All,2718732.23,hypothetical worst case,-1.1,29917.11,7533.67,-1.1,-1.31
Republic of Korea,KOR,KOR,"Agriculture, Mining and Quarrying",1619423.7,hypothetical worst case,-0.04,575.1,24.26,-1.51,-1.54
Republic of Korea,KOR,KOR,"Business, Trade, Personal, and Public Services",1619423.7,hypothetical worst case,-0.48,7787.41,134.51,-1,-0.99
Republic of Korea,KOR,KOR,Hotel and restaurants and Other Personal Services,1619423.7,hypothetical worst case,-0.16,2661.2,112.66,-2.13,-2.05
Republic of Korea,KOR,KOR,"Light/Heavy Manufacturing, Utilities, and Construction",1619423.7,hypothetical worst case,-0.26,4184.81,42.22,-0.67,-0.53
Republic of Korea,KOR,KOR,Transport services,1619423.7,hypothetical worst case,-0.08,1322.41,42.89,-2.41,-3.2
Republic of Korea,KOR,KOR,_All,1619423.7,hypothetical worst case,-1.02,16530.94,356.53,-1.02,-1.19
"Taipei,China",TWN,TAP,"Agriculture, Mining and Quarrying",608186,hypothetical worst case,-0.03,173.43,9.48,-1.64,-1.68
"Taipei,China",TWN,TAP,"Business, Trade, Personal, and Public Services",608186,hypothetical worst case,-0.61,3689.59,53.92,-1.16,-1.04
"Taipei,China",TWN,TAP,Hotel and restaurants and Other Personal Services,608186,hypothetical worst case,-0.46,2778.49,103.03,-6.77,-5.63
"Taipei,China",TWN,TAP,"Light/Heavy Manufacturing, Utilities, and Construction",608186,hypothetical worst case,-0.34,2084.58,33.56,-0.94,-0.75
"Taipei,China",TWN,TAP,Transport services,608186,hypothetical worst case,-0.15,907.41,23.79,-5.32,-4.87
"Taipei,China",TWN,TAP,_All,608186,hypothetical worst case,-1.58,9633.5,223.78,-1.58,-1.78
Bangladesh,BGD,BAN,"Agriculture, Mining and Quarrying",274024.96,hypothetical worst case,-0.23,637.77,457.2,-1.49,-1.58
Bangladesh,BGD,BAN,"Business, Trade, Personal, and Public Services",274024.96,hypothetical worst case,-0.42,1140.95,201.11,-1.14,-1.19
Bangladesh,BGD,BAN,Hotel and restaurants and Other Personal Services,274024.96,hypothetical worst case,-0.19,509.36,50.62,-1.7,-1.65
Bangladesh,BGD,BAN,"Light/Heavy Manufacturing, Utilities, and Construction",274024.96,hypothetical worst case,-0.15,399.19,118.39,-0.51,-0.71
Bangladesh,BGD,BAN,Transport services,274024.96,hypothetical worst case,-0.12,333.56,67.61,-1.44,-1.45
Bangladesh,BGD,BAN,_All,274024.96,hypothetical worst case,-1.1,3020.83,894.93,-1.1,-1.27
Malaysia,MYS,MAL,"Agriculture, Mining and Quarrying",358581.94,hypothetical worst case,-0.16,584.27,20.56,-0.98,-1.06
Malaysia,MYS,MAL,"Business, Trade, Personal, and Public Services",358581.94,hypothetical worst case,-0.49,1772.71,101.03,-1.07,-0.99
Malaysia,MYS,MAL,Hotel and restaurants and Other Personal Services,358581.94,hypothetical worst case,-0.19,680.87,43.82,-3.65,-3.82
Malaysia,MYS,MAL,"Light/Heavy Manufacturing, Utilities, and Construction",358581.94,hypothetical worst case,-0.18,659.38,26.08,-0.64,-0.67
Malaysia,MYS,MAL,Transport services,358581.94,hypothetical worst case,-0.08,299.51,14.76,-2.37,-2.27
Malaysia,MYS,MAL,_All,358581.94,hypothetical worst case,-1.11,3996.73,206.25,-1.11,-1.16
Philippines,PHL,PHI,"Agriculture, Mining and Quarrying",330910.34,hypothetical worst case,-0.16,542.94,193.1,-1.62,-1.62
Philippines,PHL,PHI,"Business, Trade, Personal, and Public Services",330910.34,hypothetical worst case,-0.74,2436.2,282.23,-1.41,-1.35
Philippines,PHL,PHI,Hotel and restaurants and Other Personal Services,330910.34,hypothetical worst case,-0.23,766.67,117.34,-5.61,-5.49
Philippines,PHL,PHI,"Light/Heavy Manufacturing, Utilities, and Construction",330910.34,hypothetical worst case,-0.36,1186.84,76.51,-1.2,-1.01
Philippines,PHL,PHI,Transport services,330910.34,hypothetical worst case,-0.18,586.09,60.91,-4.95,-4.96
Philippines,PHL,PHI,_All,330910.34,hypothetical worst case,-1.67,5518.75,730.1,-1.67,-1.67
Thailand,THA,THA,"Agriculture, Mining and Quarrying",504992.76,hypothetical worst case,-0.14,694.46,298.33,-1.7,-1.65
Thailand,THA,THA,"Business, Trade, Personal, and Public Services",504992.76,hypothetical worst case,-0.73,3685.31,208.06,-1.56,-1.42
Thailand,THA,THA,Hotel and restaurants and Other Personal Services,504992.76,hypothetical worst case,-1.09,5505.65,224.43,-8.21,-12.51
Thailand,THA,THA,"Light/Heavy Manufacturing, Utilities, and Construction",504992.76,hypothetical worst case,-0.34,1717.37,126.59,-1.19,-1.55
Thailand,THA,THA,Transport services,504992.76,hypothetical worst case,-0.53,2671.3,278.68,-16.46,-13.15
Thailand,THA,THA,_All,504992.76,hypothetical worst case,-2.83,14274.09,1136.09,-2.83,-2.53
Viet Nam,VNM,VIE,"Agriculture, Mining and Quarrying",245213.69,hypothetical worst case,-0.2,487.26,298.98,-1.26,-1.15
Viet Nam,VNM,VIE,"Business, Trade, Personal, and Public Services",245213.69,hypothetical worst case,-0.43,1059.78,150.11,-1.28,-1.53
Viet Nam,VNM,VIE,Hotel and restaurants and Other Personal Services,245213.69,hypothetical worst case,-0.17,421.32,101.59,-3.63,-3.58
Viet Nam,VNM,VIE,"Light/Heavy Manufacturing, Utilities, and Construction",245213.69,hypothetical worst case,-0.34,835.55,111.68,-0.8,-0.82
Viet Nam,VNM,VIE,Transport services,245213.69,hypothetical worst case,-0.38,921.68,155.63,-10.9,-11.1
Viet Nam,VNM,VIE,_All,245213.69,hypothetical worst case,-1.52,3725.58,817.98,-1.52,-1.53
Kazakhstan,KAZ,KAZ,"Agriculture, Mining and Quarrying",179339.99,hypothetical worst case,-0.15,267.49,100.91,-0.69,-1.7
Kazakhstan,KAZ,KAZ,"Business, Trade, Personal, and Public Services",179339.99,hypothetical worst case,-0.47,850.31,26.61,-1.06,-1.01
Kazakhstan,KAZ,KAZ,Hotel and restaurants and Other Personal Services,179339.99,hypothetical worst case,-0.08,136.21,5.19,-1.89,-1.89
Kazakhstan,KAZ,KAZ,"Light/Heavy Manufacturing, Utilities, and Construction",179339.99,hypothetical worst case,-0.16,278.34,15.17,-0.74,-0.85
Kazakhstan,KAZ,KAZ,Transport services,179339.99,hypothetical worst case,-0.09,162.23,2.83,-1.04,-0.99
Kazakhstan,KAZ,KAZ,_All,179339.99,hypothetical worst case,-0.94,1694.57,150.71,-0.94,-1.38
Mongolia,MNG,MON,"Agriculture, Mining and Quarrying",13066.75,hypothetical worst case,-0.49,64.31,4.71,-1.27,-1.17
Mongolia,MNG,MON,"Business, Trade, Personal, and Public Services",13066.75,hypothetical worst case,-0.5,65.65,5.43,-1.35,-1.16
Mongolia,MNG,MON,Hotel and restaurants and Other Personal Services,13066.75,hypothetical worst case,-0.21,27.2,5.78,-8.99,-7.28
Mongolia,MNG,MON,"Light/Heavy Manufacturing, Utilities, and Construction",13066.75,hypothetical worst case,-0.21,27.04,2.59,-1.27,-1.07
Mongolia,MNG,MON,Transport services,13066.75,hypothetical worst case,-0.7,91.98,9.8,-13.39,-15.24
Mongolia,MNG,MON,_All,13066.75,hypothetical worst case,-2.11,276.17,28.31,-2.11,-2.25
Sri Lanka,LKA,SRI,"Agriculture, Mining and Quarrying",88900.77,hypothetical worst case,-0.16,142.96,39.3,-1.37,-1.5
Sri Lanka,LKA,SRI,"Business, Trade, Personal, and Public Services",88900.77,hypothetical worst case,-0.51,457.72,27.68,-1.36,-0.93
Sri Lanka,LKA,SRI,Hotel and restaurants and Other Personal Services,88900.77,hypothetical worst case,-0.41,361.67,11.65,-3.22,-2.54
Sri Lanka,LKA,SRI,"Light/Heavy Manufacturing, Utilities, and Construction",88900.77,hypothetical worst case,-0.26,231.68,20.12,-0.99,-0.95
Sri Lanka,LKA,SRI,Transport services,88900.77,hypothetical worst case,-0.23,204.31,9.87,-2.03,-2.03
Sri Lanka,LKA,SRI,_All,88900.77,hypothetical worst case,-1.57,1398.33,108.62,-1.57,-1.26
Pakistan,PAK,PAK,"Agriculture, Mining and Quarrying",314588.21,hypothetical worst case,-0.48,1512.63,560.11,-1.8,-1.81
Pakistan,PAK,PAK,"Business, Trade, Personal, and Public Services",314588.21,hypothetical worst case,-0.62,1947.09,242.33,-1.46,-1.5
Pakistan,PAK,PAK,Hotel and restaurants and Other Personal Services,314588.21,hypothetical worst case,-0.08,253.72,27.37,-1.82,-1.84
Pakistan,PAK,PAK,"Light/Heavy Manufacturing, Utilities, and Construction",314588.21,hypothetical worst case,-0.21,671.14,87.31,-1.26,-0.99
Pakistan,PAK,PAK,Transport services,314588.21,hypothetical worst case,-0.18,565.62,29.52,-1.89,-1.81
Pakistan,PAK,PAK,_All,314588.21,hypothetical worst case,-1.57,4950.2,946.63,-1.57,-1.6
Fiji,FJI,FIJ,"Agriculture, Mining and Quarrying",5536.76,hypothetical worst case,-0.19,10.42,3,-1.67,-1.7
Fiji,FJI,FIJ,"Business, Trade, Personal, and Public Services",5536.76,hypothetical worst case,-0.68,37.91,1.28,-1.23,-1.34
Fiji,FJI,FIJ,Hotel and restaurants and Other Personal Services,5536.76,hypothetical worst case,-0.21,11.86,0.25,-2.86,-2.62
Fiji,FJI,FIJ,"Light/Heavy Manufacturing, Utilities, and Construction",5536.76,hypothetical worst case,-0.19,10.51,0.4,-1.11,-0.91
Fiji,FJI,FIJ,Transport services,5536.76,hypothetical worst case,-0.18,10.24,0.2,-2.23,-2.07
Fiji,FJI,FIJ,_All,5536.76,hypothetical worst case,-1.46,80.94,5.13,-1.46,-1.53
Brunei Darussalam,BRN,BRU,"Agriculture, Mining and Quarrying",13567.35,hypothetical worst case,-0.22,29.65,0.85,-0.48,-0.81
Brunei Darussalam,BRN,BRU,"Business, Trade, Personal, and Public Services",13567.35,hypothetical worst case,-0.16,22.38,0.36,-0.5,-0.68
Brunei Darussalam,BRN,BRU,Hotel and restaurants and Other Personal Services,13567.35,hypothetical worst case,-0.11,14.73,0.32,-5.48,-6.14
Brunei Darussalam,BRN,BRU,"Light/Heavy Manufacturing, Utilities, and Construction",13567.35,hypothetical worst case,-0.09,12.32,0.15,-0.53,-0.44
Brunei Darussalam,BRN,BRU,Transport services,13567.35,hypothetical worst case,-0.03,4.74,0.13,-2.12,-2.24
Brunei Darussalam,BRN,BRU,_All,13567.35,hypothetical worst case,-0.62,83.82,1.81,-0.62,-0.89
Bhutan,BTN,BTN,"Agriculture, Mining and Quarrying",2534.97,hypothetical worst case,-0.32,8,4.16,-1.39,-1.57
Bhutan,BTN,BTN,"Business, Trade, Personal, and Public Services",2534.97,hypothetical worst case,-0.21,5.35,1.08,-0.73,-0.89
Bhutan,BTN,BTN,Hotel and restaurants and Other Personal Services,2534.97,hypothetical worst case,-0.03,0.73,0.15,-1.09,-1.25
Bhutan,BTN,BTN,"Light/Heavy Manufacturing, Utilities, and Construction",2534.97,hypothetical worst case,-0.15,3.74,0.47,-0.39,-0.76
Bhutan,BTN,BTN,Transport services,2534.97,hypothetical worst case,-0.06,1.61,0.14,-0.84,-0.93
Bhutan,BTN,BTN,_All,2534.97,hypothetical worst case,-0.77,19.43,6,-0.77,-1.26
Kyrgyz Republic,KGZ,KGZ,"Agriculture, Mining and Quarrying",8092.84,hypothetical worst case,-0.23,18.57,20.49,-1.42,-1.47
Kyrgyz Republic,KGZ,KGZ,"Business, Trade, Personal, and Public Services",8092.84,hypothetical worst case,-0.47,37.99,7.29,-0.97,-0.98
Kyrgyz Republic,KGZ,KGZ,Hotel and restaurants and Other Personal Services,8092.84,hypothetical worst case,-0.06,4.78,0.98,-1.51,-1.44
Kyrgyz Republic,KGZ,KGZ,"Light/Heavy Manufacturing, Utilities, and Construction",8092.84,hypothetical worst case,-0.1,8.07,2.8,-0.37,-0.67
Kyrgyz Republic,KGZ,KGZ,Transport services,8092.84,hypothetical worst case,-0.05,3.93,0.88,-1.05,-1.06
Kyrgyz Republic,KGZ,KGZ,_All,8092.84,hypothetical worst case,-0.91,73.35,32.45,-0.91,-1.2
Cambodia,KHM,CAM,"Agriculture, Mining and Quarrying",24542.47,hypothetical worst case,-0.63,154.24,130.05,-2.45,-2.46
Cambodia,KHM,CAM,"Business, Trade, Personal, and Public Services",24542.47,hypothetical worst case,-0.59,146.02,64.45,-2.15,-2.31
Cambodia,KHM,CAM,Hotel and restaurants and Other Personal Services,24542.47,hypothetical worst case,-0.79,192.81,24.88,-9.73,-9.26
Cambodia,KHM,CAM,"Light/Heavy Manufacturing, Utilities, and Construction",24542.47,hypothetical worst case,-0.3,74.14,25.2,-0.92,-1.73
Cambodia,KHM,CAM,Transport services,24542.47,hypothetical worst case,-1.5,367.97,5.7,-25.74,-25.74
Cambodia,KHM,CAM,_All,24542.47,hypothetical worst case,-3.81,935.18,250.29,-3.81,-2.55
Maldives,MDV,MLD,"Agriculture, Mining and Quarrying",5327.46,hypothetical worst case,-0.13,7.16,4.73,-5.3,-5.3
Maldives,MDV,MLD,"Business, Trade, Personal, and Public Services",5327.46,hypothetical worst case,-0.91,48.64,1.69,-2.77,-3.79
Maldives,MDV,MLD,Hotel and restaurants and Other Personal Services,5327.46,hypothetical worst case,-2.3,122.4,0.39,-10.34,-8.84
Maldives,MDV,MLD,"Light/Heavy Manufacturing, Utilities, and Construction",5327.46,hypothetical worst case,-1.36,72.6,1.16,-3.64,-3.98
Maldives,MDV,MLD,Transport services,5327.46,hypothetical worst case,-0.26,13.68,0.16,-5.17,-3.53
Maldives,MDV,MLD,_All,5327.46,hypothetical worst case,-4.96,264.47,8.14,-4.96,-4.73
Nepal,NPL,NEP,"Agriculture, Mining and Quarrying",29040.4,hypothetical worst case,-0.38,109.06,116.97,-1.22,-1.21
Nepal,NPL,NEP,"Business, Trade, Personal, and Public Services",29040.4,hypothetical worst case,-0.43,124.95,61.53,-1,-1.11
Nepal,NPL,NEP,Hotel and restaurants and Other Personal Services,29040.4,hypothetical worst case,-0.12,34.8,12.25,-2.54,-2.42
Nepal,NPL,NEP,"Light/Heavy Manufacturing, Utilities, and Construction",29040.4,hypothetical worst case,-0.09,26.16,27.84,-0.62,-0.95
Nepal,NPL,NEP,Transport services,29040.4,hypothetical worst case,-0.09,26.73,4.56,-1.33,-1.02
Nepal,NPL,NEP,_All,29040.4,hypothetical worst case,-1.11,321.7,223.15,-1.11,-1.17
Singapore,SGP,SIN,"Agriculture, Mining and Quarrying",364156.66,hypothetical worst case,0,1.21,0.06,-1.33,-1.33
Singapore,SGP,SIN,"Business, Trade, Personal, and Public Services",364156.66,hypothetical worst case,-0.51,1840.78,21.33,-0.82,-0.79
Singapore,SGP,SIN,Hotel and restaurants and Other Personal Services,364156.66,hypothetical worst case,-0.24,883.63,17.66,-4.88,-4.19
Singapore,SGP,SIN,"Light/Heavy Manufacturing, Utilities, and Construction",364156.66,hypothetical worst case,-0.16,564.53,3.7,-0.59,-0.56
Singapore,SGP,SIN,Transport services,364156.66,hypothetical worst case,-0.51,1855.9,27.1,-7.38,-7.42
Singapore,SGP,SIN,_All,364156.66,hypothetical worst case,-1.41,5146.05,69.85,-1.41,-1.68
"Hong Kong, China",HKG,HKG,"Agriculture, Mining and Quarrying",362682.02,hypothetical worst case,0,4.65,0.1,-1.89,-1.89
"Hong Kong, China",HKG,HKG,"Business, Trade, Personal, and Public Services",362682.02,hypothetical worst case,-1.04,3779.32,29.77,-1.31,-1.25
"Hong Kong, China",HKG,HKG,Hotel and restaurants and Other Personal Services,362682.02,hypothetical worst case,-0.3,1096.41,28.57,-4.31,-3.08
"Hong Kong, China",HKG,HKG,"Light/Heavy Manufacturing, Utilities, and Construction",362682.02,hypothetical worst case,-0.05,183.95,3.95,-0.67,-0.68
"Hong Kong, China",HKG,HKG,Transport services,362682.02,hypothetical worst case,-0.77,2802.8,46.32,-13.64,-13.35
"Hong Kong, China",HKG,HKG,_All,362682.02,hypothetical worst case,-2.17,7867.12,108.71,-2.17,-2.56
Lao People's Democratic Republic,LAO,LAO,"Agriculture, Mining and Quarrying","17,953.79",best case,-0.01,2.57,0.82,-0.06,-0.04
Lao People's Democratic Republic,LAO,LAO,"Business, Trade, Personal, and Public Services","17,953.79",best case,-0.03,4.94,0.77,-0.07,-0.07
Lao People's Democratic Republic,LAO,LAO,Hotel and restaurants and Other Personal Services,"17,953.79",best case,0,0.3,0.04,-0.04,-0.04
Lao People's Democratic Republic,LAO,LAO,"Light/Heavy Manufacturing, Utilities, and Construction","17,953.79",best case,-0.02,2.72,1.17,-0.05,-0.18
Lao People's Democratic Republic,LAO,LAO,Transport services,"17,953.79",best case,-0.09,16.42,1.48,-5.91,-1.33
Lao People's Democratic Republic,LAO,LAO,_All,"17,953.79",best case,-0.15,26.95,4.28,-0.15,-0.11
Lao People's Democratic Republic,LAO,LAO,"Agriculture, Mining and Quarrying","17,953.79",moderate case,-0.02,4.27,1.43,-0.1,-0.07
Lao People's Democratic Republic,LAO,LAO,"Business, Trade, Personal, and Public Services","17,953.79",moderate case,-0.04,7.12,1.12,-0.1,-0.11
Lao People's Democratic Republic,LAO,LAO,Hotel and restaurants and Other Personal Services,"17,953.79",moderate case,0,0.42,0.06,-0.05,-0.06
Lao People's Democratic Republic,LAO,LAO,"Light/Heavy Manufacturing, Utilities, and Construction","17,953.79",moderate case,-0.02,4.34,1.69,-0.09,-0.26
Lao People's Democratic Republic,LAO,LAO,Transport services,"17,953.79",moderate case,-0.13,23.11,2.09,-8.32,-1.88
Lao People's Democratic Republic,LAO,LAO,_All,"17,953.79",moderate case,-0.22,39.27,6.38,-0.22,-0.16
Lao People's Democratic Republic,LAO,LAO,"Agriculture, Mining and Quarrying","17,953.79",worse case,-0.06,10.13,3.39,-0.23,-0.17
Lao People's Democratic Republic,LAO,LAO,"Business, Trade, Personal, and Public Services","17,953.79",worse case,-0.08,13.58,2.13,-0.19,-0.2
Lao People's Democratic Republic,LAO,LAO,Hotel and restaurants and Other Personal Services,"17,953.79",worse case,0,0.78,0.11,-0.09,-0.12
Lao People's Democratic Republic,LAO,LAO,"Light/Heavy Manufacturing, Utilities, and Construction","17,953.79",worse case,-0.05,8.88,3.22,-0.17,-0.49
Lao People's Democratic Republic,LAO,LAO,Transport services,"17,953.79",worse case,-0.24,43.15,3.92,-15.54,-3.52
Lao People's Democratic Republic,LAO,LAO,_All,"17,953.79",worse case,-0.43,76.52,12.77,-0.43,-0.32